{
  "extensions": [
    {
      "name": "DurableTask",
      "typeName": "Microsoft.Azure.WebJobs.Extensions.DurableTask.DurableTaskWebJobsStartup, Microsoft.Azure.WebJobs.Extensions.DurableTask, Version=2.0.0.0, Culture=neutral, PublicKeyToken=014045d636e89289",
      "hintPath": "./.azurefunctions/Microsoft.Azure.WebJobs.Extensions.DurableTask.dll"
    },
    {
      "name": "EventHubs",
      "typeName": "Microsoft.Azure.WebJobs.EventHubs.EventHubsWebJobsStartup, Microsoft.Azure.WebJobs.Extensions.EventHubs, Version=5.1.0.0, Culture=neutral, PublicKeyToken=014045d636e89289",
      "hintPath": "./.azurefunctions/Microsoft.Azure.WebJobs.Extensions.EventHubs.dll"
    },
    {
      "name": "Startup",
      "typeName": "Microsoft.Azure.WebJobs.Extensions.FunctionMetadataLoader.Startup, Microsoft.Azure.WebJobs.Extensions.FunctionMetadataLoader, Version=1.0.0.0, Culture=neutral, PublicKeyToken=551316b6919f366c",
      "hintPath": "./.azurefunctions/Microsoft.Azure.WebJobs.Extensions.FunctionMetadataLoader.dll"
    },
    {
      "name": "AzureStorageBlobs",
      "typeName": "Microsoft.Azure.WebJobs.Extensions.Storage.AzureStorageBlobsWebJobsStartup, Microsoft.Azure.WebJobs.Extensions.Storage.Blobs, Version=5.0.0.0, Culture=neutral, PublicKeyToken=92742159e12e44c8",
      "hintPath": "./.azurefunctions/Microsoft.Azure.WebJobs.Extensions.Storage.Blobs.dll"
    }
  ]
}