{
  "extensions": {
    "durableTask": {
      "maxConcurrentActivityFunctions": 12,
      "maxConcurrentOrchestratorFunctions": 10,
      "hubName": "%HubName%",
      "overridableExistingInstanceStates": 1,
      "storageProvider": {
        "controlQueueBatchSize": 8,
        "partitionCount": 10,
        "controlQueueBufferThreshold": 32,
        "controlQueueVisibilityTimeout": "00:01:00",
        "maxQueuePollingInterval": "00:00:30"
      },
      "tracing": {
        "distributedTracingEnabled": true,
        "distributedTracingProtocol": "W3CTraceContext"
      }
    },
    "eventHubs": {
      "maxEventBatchSize": 100,
      "batchCheckpointFrequency": 3,
      "prefetchCount": 300
    }
  },
  "logging": {
    "applicationInsights": {
      "samplingSettings": {
        "isEnabled": true,
        "excludedTypes": "Request"
      },
      "httpAutoCollectionOptions": {
        "enableW3CDistributedTracing": true
      }
    }
  },
  "version": "2.0"
}